,bloggername
0,비키의 소소한일상:)
1,권매력의 charming-DAY
2,우기부기블로그
3,귀찮은 섭
4,아가리파이터의 한.술.담.끼
5,"Ever thine, Ever mine, Ever ours."
6,날마다 좋은 날
7,Let's Go Fashion World~♡
8,자신의 자리에서 빛나는 사람
9,"기억, 추억, 생각"
10,그녀가 사는 세상
11,"룰루랄라, favorance"
12,DOLZA'S EAT&JOY!
13,비키의 소소한일상:)
14,로민유랑단
15,막돼먹은찌니
16,orizzang
17,나누미의 유쾌한 나눔통
18,찌주의 데일리블로그 ♡
19,인생은 짧다
20,ALOHOMORA
21,내.몸.사.랑
22,GRACE's lov diary
23,마미새 ⓔ야기
24,La vie en rose ◡̈
25,❤ 미래작가홀릭 ❤
26,패션블로거 미오
27,맛집깡패~♥
28,노는게 제일 좋아 ♬
29,행복 달달 샤페이 메주 간장네 :) - PART.2 -
30,구름사진찍는 미라씨
31,짱세 일상
32,내면의아이와 함께~
33,독박육아일기
34,쏘쏘잉의 일상블로그♩♪
35,미미쵸코의 세계
36,이래도 흥 저래도 흥
37,Elyan's Sight
38,박카스D 의 오감만족 블로그
39,아리푸의 핑크빛뜰
40,제으니의 블로그
41,"Love the Life You Live, Live the Life You Love."
42,당케의 세상의 모든것
43,잉여로운 삶 by 스마일밍아 ☆
44,라미의 멀티 뮤지엄
45,윤느로그
46,날주와 션과 밍의 열혈육아
47,☆소소한 행복이야기☆
48,BERRY GO ROUND
49,yangjinss daily & raandj
50,조소통씨
51,Minimum Rich
52,위드 바이올렛
53,XD
54,아름다운 지구별 여행중 ♬
55,lizzy's blog
56,먹는게 가장 쉬웠어요♪
57,달콤쪼꼬의 블로그 ♡
58,울틴껌
59,워너비스타 임배우
60,모든 날의 기록
61,꽃다운청춘 쭈니의 블로그
62,지극히 주관적인 블로그
63,몽환중도
64,여의도 직장인 문썬의 밥상 (舊 을지로)
65,땡깡이 그녀의 일상♡
66,디즈데일리
67,JIAEFOLIO
68,Review World
69,Only on date
70,맵씨블로그
71,Healing Eyes
72,애쁨이네 블로그
73,나랑 놀아줄꺼지 ?
74,전주 꼬숩네 매니저
75,릿짱의 블로그 시즌2
76,엉클CJ의 잡학연구소
77,파닥's 여행하는 일상
78,Grace's story
79,제나의 일상리뷰
80,심신복원요법센터(Mind-Body Reset Technique Center)
81,아이린의 하우스 (엄마들의 모든 것)
82,맵씨블로그
83,dailydessert의 맛있는 BLOG
84,Luna의 세계여행
85,lizzy's blog
86,101번째 타르트
87,여행하는 술로그
88,예남매네 트랜드라이프
89,돼지삼남매 블로그♥Life is short EAT dessert first
90,미친중독성
91,어떻게 사는 게 좋아?
92,가얏고와 독수리5형제의 즐거운 일상
93,박양의 기억보관함
94,하하하
95,제이미스타일 동탄3호점 N 네일
96,햇태공간
97,S u m m e r d a y
98,la vie en rose
99,하늘 연달의 소소한 일상
100,모든 날의 기록
101,커피베리 정군 & 커피언니 쥬리
102,잘될거야
103,~☆유쾌한 열정☆~
104,행복효모 해피이스트
105,먹고 즐기는 인생
106,춘자야 놀자
107,맛깔나는 인생살이
108,감쟈고구마
109,"핫핑크미미 맛집, 뷰티, 리뷰♪"
110,메리포유 블로그
111,제나의 일상리뷰
112,귤공주의 미캉월드
113,박박부부의 마라톤이야기
114,하늘을 달리다
115,씨케이의 La vie dynamique
116,쏭과함께
117,"여행같은 인생, ♥"
118,양갱's 달달한 일상 :)
119,쟈쟈졔의 여행 라이프
120,판타스틱 알팡월드 ♪
121,남다른 주머니
122,뷰티 꿈디자이너's 꿈꾸는 저금통
123,행복효모 해피이스트
124,햇태공간
125,Bibbidi Bobbidi Boo
126,☆셀럽 꽃양의 style☆
127,사운드브로스
128,"평생, 연애 중"
129,BLuE PiNe TreE English Class
130,나는나의 자유를 꿈꾼다
131,콩이월드
132,쏘쏘잉의 일상블로그♩♪
133,송빠리삐뽀
134,돼지삼남매 블로그♥Life is short EAT dessert first
135,김원장의 탐구생활
136,티이모와의 연결 고리 ♂
137,꿈꾸는 공간
138,양갱's 달달한 일상 :)
139,♪
140,yooz&piet 유즈엔피엣
141,# 나의 작은 작업실
142,미친중독성
143,봉가네 현봉봉
144,ssomerry
145,신짱의 어떤 하루
146,psalm23
147,블리어리
148,지금당장말해줘요
149,Now we go!
150,오여사's 부동산♡
151,Review World
152,first step to the future
153,제으니의 블로그
154,Attractive shim
155,쏘쏘잉의 일상블로그♩♪
156,흥청망청 후이로그
157,What's Next?
158,해별이의 달달한 블로그 ♥
159,랑랑st:헛되지 않은 오늘
160,:: 달달한 오후의 레이나 ::
161,모래꽃의 일상
162,Ode to youth
163,데일리핑슈
164,cyoz님의 블로그
165,LUVHEE MOOD
166,☆ 나는아빠다 by 아임파파 www.impapa.com ☆
167,즐겁게살자
168,YOUNG #일상#맛집#여행#정보
169,Shine We Are!
170,Yalgo daily
171,Ode to youth
172,"샴샴이네(하고,가고, 먹고,사고 싶은 삼삼한 이야기)"
173,올리비아케이 공식 블로그 입니다.
174,여의도 직장인 문썬의 밥상 (舊 을지로)
175,qn6wk님의 블로그
176,크리아트 창의미술연구소
177,Everyday is your birthday
178,맵씨블로그
179,여의도 직장인 문썬의 밥상 (舊 을지로)
180,사소한 모든 것들
181,브로디 블로그
182,봉자바리 HAPPY CUISINE
183,사랑이송송
184,make me better
185,마시멜로의 달콤한 세상
186,보라의 즐거운 일상
187,담백하고 솔직하게
188,츄츄의하벌하먹
189,혜화동 앨자매ll혜화동 엘린
190,MINSAIMDANG
191,Honey Family♬
192,Rany Story♡
193,준공공임대사업자 빅보스의 일상
194,"Me, 쓰공, 내일은 밀크로드!"
195,벤사마의 습관적 여행
196,구미 제이안헤어
197,쑤기의 꿈꾸는 다락방
198,그녀가 사는 세상
199,오늘도 내일도 해피데이 ∧ _∧＊
200,I'm 미르♡
201,라임상자 ♥
202,찌니꼼
203,벼디의 즐거운인생 : )
204,"술에 담긴 정겨운 얘기, 달달한 인생…."
205,a piece a day
206,망고의 언제나 씐나 ♬
207,슬기로운 생활
208,m o o d - b i n d e r
209,댕로그
210,Off You
211,오늘도 싸리언니
212,파닥's 여행하는 일상
213,Minimum Rich
214,"홍어른, 잘 살아요~"
215,솨양이와 뒤뚱뒤뚱 떠나자
216,차시남 입니다.
217,에이로그♪
218,그녀의일상다반사
219,돼지삼남매 블로그♥Life is short EAT dessert first
220,야무진 들레씨
221,Honey Family♬
222,HAPPILY EVER AFTER
223,꿈꾸는토토
224,서울 기상센터 Weather Center of Seoul
225,나디아 블로그
226,꿈을 낚는 빡지스토리
227,사랑메리밤♥
228,최다의 방랑여행일지 | Fromsong.com
229,꿈을 낚는 빡지스토리
230,yooz&piet 유즈엔피엣
231,귤공주의 미캉월드
232,코끼리 공장
233,라잌 라이프
234,오늘도 내일도 해피데이 ∧ _∧＊
235,매일매일 핵꿀잼
236,다요미네
237,코끼리 공장
238,스위트 클라라
239,YashicaKid's Analogue SPACE
240,임블리와 요미&꼬미
241,"모든날,모든순간"
242,마시멜로의 달콤한 세상
243,차시남 입니다.
244,감사함에 행복함에 사랑함에 ♪
245,고로리의 빛나는 Daily :)
246,- 지금을 사는 내 작은 고양이처럼
247,B☔arbi2 랑Talk하며살자
248,라잌 라이프
249,린아와의 행복저장소
250,"헝클어진 마케팅, 문지기 블로그™"
251,챔챔 블로그♡
252,오묘타 놀이터
253,유취카페
254,재희의 즐거움나누기♪
255,수혜의 반짝반짝 빛나는
256,피부감독의 세상사는 이야기
257,감쟈고구마
258,달콤향기 먹방투어
259,깜리
260,식탐외전
261,맵씨블로그
262,재희의 즐거움나누기♪
263,찌주의 데일리블로그 ♡
264,하늘이햐의 설레는순간♪
265,우리 놀이터 : )
266,김프로의 2프로 부족한 이야기
267,party shadow
268,깜리
269,원자의 빛으로 보는 세상
270,카라의 네버앤딩 트래블 스토리
271,소발킴's daily life
272,아기자기 프로덕션
273,식탐많은 야매레시피
274,YashicaKid's Analogue SPACE
275,♥썬파워님의블로그♥
276,ssomerry
277,고은Love필링링 일상의 행복 모으기
278,"* 고밍과 드브, 의식의 공간 *"
279,신짠짠의 이런저런~
280,라잌 라이프
281,리나의 달콤한 도시♥
282,☆셀럽 꽃양의 style☆
283,쮜여사의 먹거리 탐구생활
284,October J.
285,블루멜로우's Style
286,♡송이world♡
287,빈블리의 소소한 일상
288,유니로그
289,야무진 들레씨
290,써니연의 미소담은 이야기
291,섬사람의 데일리룩 + @
292,최다의 방랑여행일지 | Fromsong.com
293,EMO DAY ::
294,Grace's story
295,매력홍 ♡
296,꼭미남의 카르페디엠
297,로라쌤의 씐나는 영어공부
298,땅콩's blog
299,율리엄마로 살아가기:)
300,La vie est belle♥
301,웰컴투제니월드★
302,달콤채앤완맘
303,루비언니의 행복한 일상
304,보라리 블로그-*
305,*~~~라임향이 폴폴~~~*
306,About World
307,A
308,센스있는 사람이 되자♥
309,메이티엔 룰루랄라♬
310,Images la sauvette
311,AA Batteries
312,참쉽다 아이와 해외여행
313,코발트블루의 소소한이야기들
314,언제나 여행중
315,머릿속에서 돌리는 재봉틀
316,effylouge ::여자 패션블로그
317,마시멜로의 달콤한 세상
318,味's Korea
319,"가죽을 디자인하는 ""어썸메이킷"""
320,쩡아의희망무지개
321,*얄짤없는 맛평가블로그* 맛챠 Matcha
322,냥냥이의 작은다락방
323,엄탱's 블로그♡
324,HAPPILY EVER AFTER
325,깜찍발랄 또니와 함께하는 행복한 이야기★
326,多좋아하는 다취미 싸미블로그
327,브래드리의 삼육오
328,AA Batteries
329,그냥이 아닌 그냥인 내 하루
330,그럴 수도 있지
331,맛있는 야매야매의 이야기ㅎㅎ
332,베티의 베러월드
333,놀면서더잘놀기♥
334,재희의 즐거움나누기♪
335,사 진 일 기
336,하늘 연달의 소소한 일상
337,미니민 민선생 블로그 ♥
338,Alice in Wonderland
339,원씨의 말랑한 기록 :)
340,이루네 블로그
341,바개림
342,"가죽을 디자인하는 ""어썸메이킷"""
343,미녀의 미친학구열
344,파란고양이
345,* VATERIUM *
346,선쥬리 @sunjurii
347,양재동 치트키
348,"Ever thine, Ever mine, Ever ours."
349,"청춘, 여행을 좇다"
350,* VATERIUM *
351,"깸잉, 너 하고싶은거 다 해 :)"
352,AMIE (Ask me in English : 물어봐영어)
353,매 순간 turning point
354,꿈꿈꿈과 함께하는 리뷰스토리
355,쩡미니즘
356,최다의 방랑여행일지 | Fromsong.com
357,모델은지와 함께 만들어가는 엄마표밥상
358,♪
359,시작 출발이다
360,퐝고는지금이좋아
361,난나야의 일상이야기
362,눈부시게 빛나는 날들
363,★포푸리 착한리뷰
364,잔나의 건강명랑행복 블로그
365,달콤쪼꼬의 블로그 ♡
366,커피베리 정군 & 커피언니 쥬리
367,노처녀 미반이 수다
368,iSaac_
369,MR.YOON 미스터윤
370,차팀장의 스트롱포켓 - 건강한 재무관리의 시작
371,"발 가는 대로, 마음 가는 대로."
372,비키의 소소한일상:)
373,오늘 뭐 하지?
374,공익연계마케터 / 나눔실천특별위원회
375,AA Batteries
376,밑줄긋는샐리
377,밥재블로그 (๑･◡･)
378,White Dream
379,소녀소녀한 카페좋아해
380,All about Supply Chain Management
381,폴더 속 내뭉서
382,여신예디♥blog
383,잠결에 한 쪽 뺨으로 웃는 여자
384,제주인의 제주살아가기
385,PB_CLOSET [PB의 옷장 _ 피비클로젯]
386,혼자사는 여자의 기록
387,서나의 신나는 블로그 ♥
388,White Dream
389,차시남 입니다.
390,카레몽
391,찌주의 데일리블로그 ♡
392,재미나게 살고싶은 재미사마블로그♡마루생각
393,허자령 블로그
394,바개림
395,냥냥이의 작은다락방
396,미니민 민선생 블로그 ♥
397,다니엘 영어 팩토리
398,매일 매일 행복이
399,AA Batteries
400,사랑메리밤♥
401,Jennifer's Vitamin Station
402,서울에서 봄잠 코오오~
403,♡ㅊrㅊr에 빠지다....♡
404,혜성맘의 행복냠냠
405,홈페이지형 블로그 스킨 제작.
406,채현의 일상 블로그
407,♡ 웃음가득 엔돌핀 ♡
408,청량하고 따스한 제니퍼어 공간~★
409,찌니꼼
410,Dream girl's life
411,블롱이 아방가르드
412,은비까비와 여행을 떠나요 :)
413,쿨언니의 이중생활
414,first step to the future
415,버블린 _ Buvlin
416,새댁의일상
417,아씨의 블로그
418,오늘도 싸리언니
419,보람쟁이의 심플라이프.
420,heyinn1976님의블로그
421,420
422,코코의 세렌디피티
423,After the Rain♩
424,Review World
425,짱세 일상
426,= 호담's 메리고라운드 =
427,정면세상 ; ) Jung Myun's blog
428,임세란(흰설) - delicate breath of Beautiful World
429,오늘은 수수해요♡
430,What We Want
431,"홍어른, 잘 살아요~"
432,<<선우칸막이>> 010-9090-5213
433,Excellent from God
434,렐라의 맛집 여행 블로그
435,아날로그 감성놀이터
436,봉가네 현봉봉
437,감쟈고구마
438,도치누나가 전하는 소행-♥
439,데일리핑슈
440,팔도정복 하러 온 잠비
441,라잌 라이프
442,꿈꾸는 JM's 공간
443,theLucy
444,림응
445,STAY GOLD
446,= 호담's 메리고라운드 =
447,불꽃남자 기획국장.
448,냥냠의 일상냠냠
449,뚱과 쏭의 이야기♥
450,별초로롱의 세상이야기 ...
451,인생은 아름다워 :)
452,승현이의 배부른 소리 :)
453,SUNNY LAND
454,★해피바이러스★
455,꽃길걷는 꼬밍여사♡
456,티이모와의 연결 고리 ♂
457,몽몽의 먹어야 사는 블로그
458,오늘도 내일도 해피데이 ∧ _∧＊
459,wanna be like you
460,코코의 세렌디피티
461,황팀장의 스트롱포켓 - 건강한 재무관리의 시작
462,의식의흐름에따라서
463,iSaac_
464,DeSIgN 헤니맘
465,다니엘 영어 팩토리
466,포콜부부 일기
467,꾸마의 빼꼬빼꼬한 25시♩
468,달님의 달달한 블로그♡
469,"SUPER MOON의 골프와 패션, 식도락이 함께하는 블로그"
470,제니네 '㉦'
471,♡ 누봉이의 일상블로그 ♡
472,helllog.
473,:: l a d y ma d e ::
474,고속철도 SRT
475,"즐기자, Rah Kim!"
476,코코의 세렌디피티
477,하고 싶은거 하는 중
478,Mrs.Flower
479,제주왕자
480,싫으면좋아하라
481,STAY GOLD
482,재인인테리어
483,코코의 세렌디피티
484,그녀가 사는 세상
485,츄춥의 Real Stories!
486,GOOD SUJI
487,꽃길만 걷는 꽃하루
488,김원장의 탐구생활
489,쏘's blog
490,Only on date
491,투덜이
492,진아로그(JINAHLOG)
493,다니엘 영어 팩토리
494,Stardust~☆
495,내맘대로 즐거운 핑크다방
496,반이의 無題.
497,꽃길걷는 꼬밍여사♡
498,넬리의 소소한 블로그
499,야무진 들레씨
500,요지경세상
501,혜성맘의 행복냠냠
502,홍드홍쓰
503,씨케이의 La vie dynamique
504,지연공주와 기미상궁들
505,♥안나와 요아킴의 사랑한단 마리아♥
506,쓰담쓰담 수고했어 오늘도:)
507,오늘은 수수해요♡
508,망구봉다리의 모험
509,좌충우돌 석수댁의 사는이야기!
510,비키의 소소한일상:)
511,lizzy's blog
512,Don't look back in Anger.
513,플로리스트수은화의꽃일상
514,좌충우돌 석수댁의 사는이야기!
515,진미츄 일상 기록
516,J komma blog
517,오늘도 많이 먹어버렸네⭐️
518,워너클로젯 (Wanna Closet)
519,하트맛사탕
520,남는게 사진이더라
521,진미츄 일상 기록
522,redcoke
523,"기억, 추억, 생각"
524,헨2의 daily
525,힘과 꾸망이 가득
526,"Ever thine, Ever mine, Ever ours."
527,한여름 밤의 두번째 꿈.
528,라미의 멀티 뮤지엄
529,"일상은 여행처럼, 여행은 일상처럼"
530,달콤한 MIEL♡
531,Amy S2
532,리안의 일상
533,닝닝이의 일상
534,콩이
535,by HENNY
536,songsong.yi
537,허리아픈곰돌이
538,그래도 좋은 날이 훨씬 더 많기를♪
539,요지경세상
540,오늘 뭐 하지?
541,ZZUYA WORLD
542,♡ㅊrㅊr에 빠지다....♡
543,지속가능한 블로그.
544,자유롭게 피어나기 ♪
545,쇼콜라 Story's
546,블로그같은 일기장
547,어쭈냥의 행복한 옥상텃밭이야기
548,냥냥이의 작은다락방
549,끼요옷 기록용 블로그
550,maison de bonbon banban bonja
551,요르디작업실
552,추억은 다르게 적힌다...
553,뷰티패션 꾸꾸집사이야기
554,솔2의 원더풀데이~
555,선한영향력 백인혜
556,세상의 중심에 izzi가 있지
557,동글동글 라이프
558,뷰티패션 꾸꾸집사이야기
559,한국여자 프랑스남자 이야기 :)
560,소소한 일상공유 @밍밍이
561,몽키의 여행수다
562,깜리
563,breeze and smile
564,오늘도 내일도 해피데이 ∧ _∧＊
565,Elyan's Sight
566,럽카키의 수다 공간
567,봄에 내린 기쁜 비
568,"동해안축제,지역뉴스,부동산분양,숙박,맛집,여행"
569,루디의 아름다운날들
570,I'm 미르♡
571,치과의사 닥터자일리톨의 투스토리(Tooth + Story)
572,▒ 리콕이네 공간 ▒
573,럽카키의 수다 공간
574,HUI BLOG
575,폼난다지우아빠
576,옥언니의 매콤한 일상
577,행복이 넘쳐나는 공간
578,즐거운 엄깽하우스
579,먹방강자의 소소한 일상
580,BLuE PiNe TreE English Class
581,다람이의 솔직한 후기
582,추억은 다르게 적힌다...
583,삶은......
584,우기부기블로그
585,비키의 소소한일상:)
586,찌미의 톡쏘는 데이트
587,콩이월드
588,Pinkish MineeMin ...★
589,핑크쟁이의 다이어리
590,Pro memoria
591,"가장 빛날,우리의 날 기록하기"
592,청금. 또 하나의 열매를 바라시며
593,울틴껌
594,쩡미니즘
595,포콜부부 일기
596,아름다운 공간에 머물다 Stay by Stay
597,태니봉봉의 #감성라이프
598,"유까의 끄적끄적, 궁시렁궁시렁"
599,돈쓰는게 제일 재밌어
600,조이킴
601,이벤트 중 ! A S L I ☆
602,루이스 여행기
603,땅콩하마의 씐나씐나!!
604,쏭데이 : 맛있는 여행
605,루이스 여행기
606,심심하다
607,"Raneeran's 맛나다, 만나다♪"
608,달콤쪼꼬의 블로그 ♡
609,별이쒸의 세상구르기
610,party shadow
611,김매력♡남매의일상생활
612,깐징's 리얼리티
613,소 확 행 ♡
614,yooz&piet 유즈엔피엣
615,온세상 신나는 이야기
616,White Dream
617,맞춤성형헤어 전문 실장 도유장입니다
618,09nin's 달콤연애♥
619,Only on date
620,Carpe diem..
621,스위트 클라라
622,차팀장의 스트롱포켓 - 건강한 재무관리의 시작
623,♡망고탱이:) 일상 블로그♡
624,GRACE's lov diary
625,"플제 (Deep), 깊은 만족"
626,아기자기 프로덕션
627,레이클리닉
628,주희의 손가락 놀이터
629,"벨라의 패션,데일리 이야기"
630,홍구비어
631,마이젤라또로망스
632,◇ 지야의 뷰티야구일상 ◇
633,[su:D] The Secret Recipe
634,"Ever thine, Ever mine, Ever ours."
635,일상정리ING
636,chacha's
637,따뜻한 도시의 Make up - ★
638,dopey
639,아짱의 먹고 사는 이야기
640,우다다담
641,토니네사진관
642,STAY GOLD
643,진미츄 일상 기록
644,허니꿀잼의 Food Record
645,아이린의 바람따라 여행따라
646,by Churi
647,호야의 세상밝히기
648,♡낭랑주부's lovely house♡
649,labelle song
650,만보의 수다
651,"♥지금 이 순간이, 내 삶의 마지막인 것처럼♥"
652,지속가능한 블로그.
653,party shadow
654,승리월드
655,White Dream
656,구리와 인형의 지구별여행기
657,미친중독성
658,하나씨의 맛있는 이야기
659,"HAMNY, daily log"
660,앵모의 블로그
661,림이의 시시콜콜한 일상
662,❤️오스트리아 LIFE❤️
663,:: l a d y ma d e ::
664,"Just,"
665,Bonolog
666,스위트 클라라
667,예쁜게 좋은 미나로그
668,구리와 인형의 지구별여행기
669,쏟아놓기
670,씨케이의 La vie dynamique
671,리미의 트래블다이어리
672,"유주답게, UJual blog !"
673,꽃길걷는 꼬밍여사♡
674,김원장의 탐구생활
675,도배365
676,= 호담's 메리고라운드 =
677,지봉이의 골든타임
678,정찌 _취중블로그
679,나에게로 떠나는 여행
680,Mrs.Flower
681,effylouge ::여자 패션블로그
682,진니의 달콤한 주방이야기
683,Dada's life♡
684,하고싶은거 다 하는 블로그
685,로폰양의 즐거운 하루 :)
686,허니꿀잼의 Food Record
687,벤 문의 세상살이
688,좋아하는 블로그
689,ALOHOMORA
690,Honey Family♬
691,나의 일상과 타인의 일상 그 사이에서
692,재재블로그
693,꿈을 낚는 빡지스토리
694,브로디 블로그
695,보물섬의 일상이야기
696,만보의 수다
697,폴더 속 내뭉서
698,허니꿀잼의 Food Record
699,101번째 타르트
700,내맘대로 즐거운 핑크다방
701,추억은 다르게 적힌다...
702,썬데이 홍야라이푸(Feat.짜몽&팡)
703,오늘도 싸리언니
704,CSIMPLE BLOG
705,To be a better me ☆
706,초코베리의 렌즈속세상
707,열혈청년의 세상 탐험!
708,♡수로로의 맛있는 일기♡
709,"Hello, Cindy"
710,Only on date
711,고구려의 맛과 여행공간
712,MR.YOON 미스터윤
713,어떻게 사는 게 좋아?
714,행복한 맛집주의자
715,*코코의 Daliy Bloggggg~*
716,잔나의 건강명랑행복 블로그
717,에이로그♪
718,Jennifer's Vitamin Station
719,* memories *
720,White Dream
721,Sunny's Room
722,양갱's 달달한 일상 :)
723,나의 일상과 타인의 일상 그 사이에서
724,달콤한 MIEL♡
725,츄춥의 Real Stories!
726,"CRUSH ON U, SERAKLES"
727,"젠타의 ""너 맛집맞아?"""
728,새콤이의 블로그♥.♥
729,AA Batteries
730,GAON
731,뽀로록월드 :)
732,유세미의 인생 수업
733,딜라잇 스토리
734,get some rest
735,m_diary
736,코코의 세렌디피티
737,서울에서 봄잠 코오오~
738,G의 게임 제작 블로그
739,달래이야기
740,코코의 세렌디피티
741,나의 창으로 바라본 세상
742,iSaac_
743,Daily Blog
744,악마토끼
745,지호 삼계탕 진주점
746,김프로의 2프로 부족한 이야기
747,정규의 BOOK 블로그
748,SERAYANG
749,호야의 세상밝히기
750,엄탱's 블로그♡
751,재야의 막가는 블로그
752,스킨 앤바디 블로그
753,나의 창으로 바라본 세상
754,RARIBYRARI
755,허니꿀잼의 Food Record
756,머물기 위해 떠나는 여행
757,조이킴
758,Moneytrainer_Hwnag
759,DAY-TO-DAY
760,All you need is love :D
761,하나씨의 맛있는 이야기
762,무림태풍의 세상따라 잡기
763,듀듀크러쉬
764,배네비의 네버랜드
765,스킨 앤바디 블로그
766,바이츄
767,jaQjo y (쟄조이)
768,앨리스의 다락방 ♥
769,Blanche# 감성충전소
770,곰돌이의 Lifestyle 블로그
771,곰돌이의 Lifestyle 블로그
772,함자매의 하루하루
773,먹는게 가장 쉬웠어요♪
774,오묘타 놀이터
775,<뮤지컬 넌센스>시리즈 국내 유일 제작.
776,2014.06.05~
777,칭칭이..
778,여의도 직장인 문썬의 밥상 (舊 을지로)
779,★ 살롱드 프린세스 ★
780,뷰티 꿈디자이너's 꿈꾸는 저금통
781,쥬니꽃 블로그
782,Inner peace
783,나를 찾아 떠나는 여행
784,레디투리브
785,Pogney House
786,쮜여사의 먹거리 탐구생활
787,럽로그
788,소 확 행 ♡
789,블리스의 행복창고
790,빠져듭니다 레드썬!!!
791,매일매일 랄랄라
792,선쥬리 @sunjurii
793,Happiness H Blog
794,SunnyB의 어느 날❤️ : 써니로그✨
795,뒤뚱뒤뚱 소라빵♡
796,To be a better me ☆
797,먹방시작
798,;-)콩딱콩딱gonne
799,룸
800,술마시는 블로거 항상웃는
801,흐르는 강물처럼(Like the flowing river)
802,세상에서 최고로 행복해질 순간까지
803,"일상은 여행처럼, 여행은 일상처럼"
804,감쟈고구마
805,비어벨이 다녀온 맛집
806,Melt away
807,일상을여행처럼 바니블로그
808,yooz&piet 유즈엔피엣
809,TROY'S LIFE
810,셔니비비 패션 뷰티 홀릭
811,나만을 위한 블로그
812,사각사마는 뭘 먹고 사나
813,저니닝
814,지니의 Daybook
815,서울 기상센터 Weather Center of Seoul
816,어느 멋진날~*
817,"♡우아한 아들셋 엄마의 맛집, 여행, 육아 블로그"
818,파닥's 여행하는 일상
819,라이라이크
820,티이모와의 연결 고리 ♂
821,도담이네 작은 집 :)
822,젤리슈의 행복한블로그*
823,2014.06.05~
824,무상훈 :: 한국의 미슐랭가이드 를 꿈꾸다
825,"사소하게, 아낌없이"
826,코코의 세렌디피티
827,Sunny's Room
828,나의 일상과 타인의 일상 그 사이에서
829,궁금한 K의 세상만사 이야기
830,찌주의 데일리블로그 ♡
831,Sami's BLOG
832,언제나 해바라기 놀이中
833,만보의 수다
834,2014.06.05~
835,PB_CLOSET [PB의 옷장 _ 피비클로젯]
836,하고싶어서 하는 오응블로그
837,선디's 일상생활
838,"Enviable, 일상을 예술로!"
839,라영짱의 하루일과보고
840,dancing in the moonlight
841,A Day at the Park
842,싸무탐험기
843,치과의사 닥터자일리톨의 투스토리(Tooth + Story)
844,콩콩콩
845,orizzang
846,루이스 여행기
847,신자매 블로그
848,듀듀크러쉬
849,소소한 일상에서 느끼는 행복찾기
850,스테비아의 행복창고
851,천방지축 어리둥절♪
852,제으니의 블로그
853,"miru,daily"
854,복자가 담은 세상 ♪
855,어느 멋진날~*
856,NEW MODERN
857,신자매 블로그
858,사샤샥의 이야기 세상
859,Jade Land ♪
860,PURPLEE's 잡다한 이야기
861,♥감성로코㏇
862,What We Want
863,뷰티패션 꾸꾸집사이야기
864,* 행복의 프리즘 *
865,고양이 행성에서 만나요
866,:*: 꼬미의 러브 하우스:*:
867,몽몽의 먹어야 사는 블로그
868,일상다반사(日常茶飯事)
869,곰돌이의 Lifestyle 블로그
870,허니크리아 블로그♡
871,눈누난나~~
872,아용쿠용쿠
873,찌주의 데일리블로그 ♡
874,오늘도 내일도 해피데이 ∧ _∧＊
875,러브잇 LUVIT
876,곰돌이의 Lifestyle 블로그
877,민재네 맛있는 밥상 이야기~☆
878,주식하는 디자이너
879,"Beauty Style,＊"
880,아뱅이의 뱅뱅한 일상
881,자연스러운 블로그
882,꿈바다
883,추억은 다르게 적힌다...
884,Lovely Tommy
885,일상정리ING
886,나를 찾아 떠나는 여행
887,큐티하님's 사진저장소
888,챔챔 블로그♡
889,미스변의걱정없는보험이야기
890,"삶은 잠, 사랑은 꿈"
891,＊문화스토커 위트의 다락방
892,돌체라떼 모시는 파이리 일상
893,소중한 아이들과 함께 :-)
894,승현이의 배부른 소리 :)
895,오진구의 소소공간
896,"Hello, Delicious"
897,뉴뇨의 블로그
898,대니얼과 제이미의 리뷰노트
899,Do Dream
900,♪
901,동동 쌤의 중국어 단기 속성
902,♪
903,리미의 트래블다이어리
904,라영짱의 하루일과보고
905,곰돌이의 Lifestyle 블로그
906,쉬엄쉬엄. 느긋하게.
907,* 봉추미의 일상
908,엄마는 도윤이를 사랑해
909,"버릇처럼, 열두달 여행"
910,식탁 이야기
911,모두에게 해피엔딩.
912,나를 찾아 떠나는 여행
913,After the Rain♩
914,곰돌이의 Lifestyle 블로그
915,무상훈 :: 한국의 미슐랭가이드 를 꿈꾸다
916,♧ ingenuehee 앤지뉴희 ♧
917,SM playground
918,행복의 흔적.
919,♡송이world♡
920,날개달린땡맘st. 알콩달콩
921,보물섬의 일상이야기
922,해별이의 달달한 블로그 ♥
923,초코베리의 렌즈속세상
924,일상 속에서 즐거움을 찾는 'SON'
925,츄춥의 Real Stories!
926,달콤미니미 행복이야기
927,추억은 다르게 적힌다...
928,디자이너 민서
929,일상/여행/리뷰 완소팬더만의 다채로운 공간☆
930,하트맛사탕
931,LulRYULala
932,yeon-hee's house
933,다니엘 영어 팩토리
934,세계정복을 꿈꾸는 수드래곤
935,SNS Diary
936,융이데이 ❤️
937,몽몽의 먹어야 사는 블로그
938,린아의 소소한 이야기 :)
939,31052017
940,무상훈 :: 한국의 미슐랭가이드 를 꿈꾸다
941,까여사의 놀이터
942,행복의 흔적.
943,일상을여행처럼 바니블로그
944,초코베리의 렌즈속세상
945,바이츄
946,끌어당김의 법칙♥
947,리미의 트래블다이어리
948,블리블리블라
949,DeSIgN 헤니맘
950,최다의 방랑여행일지 | Fromsong.com
951,닝닝이의 일상
952,◇ 지야의 뷰티야구일상 ◇
953,먹어주는 바비TV
954,GRACE's lov diary
955,yooz&piet 유즈엔피엣
956,오늘도 내일도 해피데이 ∧ _∧＊
957,"찰나의 순간, 02pic ♥♥"
958,젤리슈의 행복한블로그*
959,험센스의 센세이션
960,커밍경님의 블로그 ♡
961,동동 쌤의 중국어 단기 속성
962,내 멋대로.
963,"Hello, Delicious"
964,일상에서 느끼는 소중함
965,The 재미있게 살기 (더재살)
966,Mrs.Flower
967,곰돌이의 Lifestyle 블로그
968,NANA
969,감쟈고구마
970,테디푸우의 콘텐츠월드
971,m o o d - b i n d e r
972,@yachaefried
973,◆아루무의 여행일기◆
974,알콩이달콩이
975,파란별윤정님
976,곰돌이의 Lifestyle 블로그
977,무상훈 :: 한국의 미슐랭가이드 를 꿈꾸다
978,포콜부부 일기
979,What's Next?
980,싱깅이블로그
981,♥시장가는여자♥
982,인애킴 91년 양띠여자 뷰티패션블로그
983,"유까의 끄적끄적, 궁시렁궁시렁"
984,그림 + 여행 = 모로하나
985,방콕 데솔 ; 뷰티 해외 여행
986,행복이란 보물 찾아 유랑하는
987,툥하 블로그
988,꼬의아침
989,*부둥부둥 BearChoo 부부 이야기*
990,유리구두의 세공사
991,요이의 소소한이야기
992,A t e l i e r P e a c h
993,The journey is the reward
994,ssomerry
995,하이디 표류기 ♪
996,무상훈 :: 한국의 미슐랭가이드 를 꿈꾸다
997,좡페이지 :D
998,Lovely Tommy
999,하이뷰티
1000,쟈쟈졔의 여행 라이프
1001,신명나게 살기
1002,*헤메는자 다 길 잃은 것은 아니다*
1003,셍비디바비디부 -
1004,다녀왔습니다 :)
1005,안녕하세요?
1006,내가 꾸미는 세상
1007,포비코비의 포근한 일상
1008,구니로그
1009,난초가 살아가는 법
1010,MBC 홍보국 큐피터 블로그♥
1011,dreammoon11님의블로그
1012,혼자사는 여자의 기록
1013,날고마켓
1014,쟈쟈졔의 여행 라이프
1015,어린왕자의 화장품 별
1016,다우림(茶友林)
1017,레이라의 낭만핑크라이프 ♬ :D
1018,연상연하 유아독존
1019,별걸다하는여자
1020,autumnsoldier<가을의 전사>
1021,발랄더하기발랄은혬
1022,제이 놀이터:)
1023,#
1024,인생은추억만들기
1025,청아의 밝은이야기 : )
1026,모던듀 & 뷰티바이듀 공식블로그 (by.기미스리)
1027,60억인구는 하나다.
1028,인생은 추억만들기
1029,여름을 사랑하는 윤집사♡
1030,다우림(茶友林)
1031,뷰티패션 꾸꾸집사이야기
1032,+
1033,빠바밤
1034,Wonny's bloggggg :)
1035,블루밍쭈의 좋은날 ♥
1036,든솔의 향기나는 맛공방
1037,"나린아토디자인공방 ""하늘이내린선물"""
1038,웨딩 칼럼니스트 권경근
1039,DATA FILEE STYLE
1040,인생에 매력 묻히기
1041,래이블로그
1042,기진이는 빅마우스
1043,다우림(茶友林)
1044,기록이라는노다지
1045,"욱진, 여행하는 남자 :D"
1046,Asfarital's Blog
1047,다빵씨의 여행상자
1048,긍정의 힘's 이야기
1049,..
1050,성재원의 영어 이야기
1051,슈기라이프
1052,TOMMY'S DINER
1053,Just keep swimming
1054,다우림(茶友林)
1055,♧ ingenuehee 앤지뉴희 ♧
1056,Asfarital's Blog
1057,혜밈미의 일상블로그
1058,◆ 낭만고냥이 ◆
1059,곧 30대 직장인의 소소한 여유
1060,해피포유
1061,야들야들한 삶
1062,지니월드
1063,쓰담 : 쓰고 담다
1064,"40대 아줌마, 운동매니아의 즐거운 생활"
1065,샬로무드
1066,사진과 여행
1067,지구 최저가를 찾아헤매는 새콤한 조스바
1068,Just go!
1069,미스설렘의 일상바라보기
1070,신씨's 쌀롱
1071,해연유학원 지니아빠 유학이야기
1072,happyysue님의블로그
1073,사진과 여행
1074,따로따로 여름
1075,21세기 원시인의 자유세상
1076,사진으로 기록하고 글로 남기는 오드리
1077,블루밍밍의 일상블로그
1078,소도시여행작가 케이진입니다 :)
1079,꽃눈이의 sweet garden
1080,Natural Composure
1081,Kimtamin C.
1082,낭만코알라의 딸딸이네 웃음꽃 피다
1083,◇ 지야의 뷰티야구일상 ◇
1084,쵸리의 Wineality
1085,론헤어 그루밍점: 강남역 남자머리 전문헤어샵
1086,오월아카시아
1087,Soo찌니
1088,이 여름의 르네상스
1089,나 돌보기
1090,도피오의 커피같은 이야기
1091,신씨's 쌀롱
1092,신씨's 쌀롱
1093,까칠한 안나의 이중생활
1094,성공유학아이디어-김쌤마이스쿨
1095,만드나마나 시즌2
1096,"동짜몽의 coffee iyagi_cupping,visiting"
1097,빵굽이는 욕심쟁이! 우후훗♬
1098,꿈을향해(夢ちゃん)의 별별공간
1099,김지방과 주박이의 블로그지
1100,긍정의 힘's 이야기
1101,DATA FILEE STYLE
1102,박플래너의 아름다운 집
1103,보이는 기록장 :-o
1104,블레어의 낭만을 꿈꾸다.
1105,포니테일♡
1106,오렌지의 맛있는 여행
1107,희블리의 행복찾기
1108,식탁 위 따듯한 밥
1109,앓다죽을먹부림♪
1110,마음편한 쉼
1111,Happy Smile ♥
1112,MAI、wannabe body
1113,노래하는 김로다의 다양한 일상
1114,MA BEAUTE
1115,☆ 알콩달콩 함께라서 행복한 세상 ☆
1116,美人이 되자!!
1117,해피샐러드의 Food note
1118,리아네 뷰티+먹방+여행+육아
1119,보꼬의 뚝딱시간 _ 짬뽕보꼬
1120,Visual Sharing
1121,미카엘라's 일상~♡
1122,Terdium의 일기장
1123,_
1124,만쟈쟈씨네
1125,Visual Sharing
1126,나에 의한 나를 위한
1127,와사비맛 티타임★
1128,배고픈 다리
1129,포켓걸스 팬 블로그
1130,비글스런 비글비글 블로그
1131,Terdium의 일기장
1132,moments
1133,JJ Journal
1134,Jessie's chocolate box
1135,TOMMY'S DINER
1136,블로그 하고 싶어서 하는 블로그
1137,autumnsoldier<가을의 전사>
1138,뷰티 블로거 핑사사의 화장품 & 맛집 리뷰
1139,캔디's 현재진행형
1140,맛집 멋집 여행과 체험 전과목 이수 블로거
1141,나는 당신을 사랑하고  당신의 행복을 사랑합니다.
1142,도야지의 블로그
1143,시스캥의 블로그
1144,두여자의 난리부르스
1145,방황하는 오춘기
1146,좋 은 인 연
1147,Au revoir !
1148,[ 체스트퀸 ]
1149,배찌의 지구별여행
1150,장여사 이야기
1151,리니의 두근두근 일상
1152,"한국, 일본, 중국. 동북아시아 3국의 여행자"
1153,HG♥KS
1154,새로운 세상 속으로
1155,우해쿡 ㅡ 요리가 있는 하루♡
1156,작은 미소의 힘
1157,아름샘의 발자욱
1158,유진맘과 아이들의 미래를 위한 이야기
1159,래이블로그
1160,소박한밥상과 맛집 행복한 리뷰의 공간
1161,위키룸 강남역점(아보드 아로마) 디퓨저/캔들 이야기
1162,샌드공방 x 샌드위치 도시락 by.으네
1163,헤무무의 특별한 일상
1164,JF rule the world
1165,A Spicy Life
1166,noanoa1016님의 블로그
1167,바다사자
1168,일하는행복
1169,행복한 나날♥
1170,BOBOS
1171,또봄공작소 : Craft & Design Studio
1172,히얏
1173,청명헌(聽茗軒) 차이야기
1174,이것저것 잡다하게
1175,악어의 일상
1176,화이트드림치과 강남점
1177,meshpay 바로가기
1178,베비베어S-Cafe
1179,뱃대지가 불렀어요?
1180,팬더부인의 먹방 그리고 여행
1181,♡ 핑크몽숭 일상이야기♡
1182,blauregen님의 블로그
1183,JYcake
1184,"쉴, 휴"
1185,kinano의 좌충우돌 체험기
1186,희짱월드:♥)
1187,송파갑 국회의원 박인숙
1188,황회장의 연애뽀개기
1189,매직 릴리스트
1190,마님 !!!!
1191,¡Hola!
1192,친절한갱자씨 달콤한 일상
1193,교토hime
1194,시사프리신문 서울지역 주간신문
1195,Slog
1196,에.바.나(에니어그램으로 바로 보는 나!)
1197,세상끝에서 커피 한잔 @_@
1198,노을빛 함께 손잡고
1199,Hyo-E CITY
1200,센추리부동산컨설팅
1201,Always Wakeup
1202,먹보랭의 맛있는뷰티
1203,맛있는곳.
1204,예뻐지는 시크릿
1205,이뻐지는비결 미클리닉에서 확인하세요
1206,"기억하고 싶은, 나누고 싶은 생각과 정보들."
1207,‘그녀’의 오늘
1208,사람이 머무는 순간 n 지슈JisUssi
1209,초긍정의힘으로끝까지살아남자
1210,배우 조인성 사랑합니다
1211,샬롬차이나
1212,행복예감 공간의 선택
1213,A little warm.
1214,뛰뛰빵빵
1215,그럼에도 여행
1216,도쿄앤가르송
1217,김비비의 think log
1218,어제 오늘 그리고 내일
1219,Gourmet Traveler..MJ
1220,Now is good
1221,디에고의 쉼터
1222,작은 미소의 힘
1223,똑똑한 스킨케어 핑크요술공주와함께 ♡
1224,I m a g i n e 8 4 6
1225,Coram Deo
1226,광교 주민의 BLOG
1227,Ssong's Spring Note
1228,창업도서관
1229,매일매일 이야기
1230,Dear Diary
1231,Meow♡
1232,길손
1233,신세계로
1234,태초에 식욕이 있었다
1235,나와 친구들 그리고 일.
1236,"Bonjour, jungjour !"
1237,may
1238,착한리뷰
1239,만화처럼 살고싶다. 걷기lv4 사진lv3요리lv1 잡담lv5 커피lv2 검술lv5 디지털아트lv1
1240,제이로그
1241,서울 기상센터 Weather Center of Seoul
1242,인사이트
1243,꽃쌈의 재미난 인생
1244,★ 램프지니의 일본워킹이야기 ★
1245,명랑하고 발랄하게 살아남기
1246,"Lauren's Story,*"
1247,여행과 맛집
1248,ZE의 소소한 일상★
1249,아이엠BBB
1250,욕망블로그
1251,.
1252,"속눈썹연장,젤네일"
1253,추억은 다르게 적힌다...
1254,쭈요미의 잡동사니
1255,긍정파워_김지의_블로그:D
1256,VERY U♥
1257,멍이의 안식처
1258,강남/서초/송파 대길공인중개사상가점포전문 554-7790
1259,★ 꿈꾸는 순딩이 ★
1260,모이치크 패션블로그
1261,Amare
1262,풀밭 위의 식사
1263,일상다반사
1264,영어수학 공부비법
1265,부동산 대동여지도
1266,나만의 세상 생각 잡동사니
1267,서래마을 레티 ♡ 일상의 즐거움
1268,비엔의 스윗라이프
1269,꽃쌈의 재미난 인생
1270,chinjinlee님의블로그
1271,그녀의 Private Room
1272,글로랴의 인생보물찾기
1273,JuJuBe’s house
1274,소울메이트와 소울푸드를 찾아서~
1275,‘ 분홍신드롬 ’
1276,여유로움 속의 또다른 나를 위하여
1277,Life Journey so far
1278,뷰티퍼스트
1279,시간을 사진하다
1280,미녀들의 수다
1281,like_0
1282,송이송이 아리송이의하루
1283,상냥한 유림씨의 알록달록 today
1284,미니쟁's 모든 겉과 속
1285,행복하게 먹기 :D
1286,BoA
1287,Orange county 미쉘의 쿠킹클래스
1288,탐나는 그녀의 블로그 ♥
1289,LUST for Life_
1290,Antonio & Angela's Diary
1291,복숭아 열매
1292,딸하나아들둘의 일상스토리~
1293,오리알터
1294,오슈♡의 초코송이Life
1295,결혼정보회사 옹달샘
1296,"Stylist JiyuL♥︎"""
1297,Sydney House
1298,뷰티패션블로거 귀톨이
1299,"Because it matters, BenQ!"
1300,복숭아 열매
1301,크크큭의 끄적거림-
1302,새로운 시작
1303,아름샘의 발자욱
1304,개미똥꼬
1305,레오나의 발로 가는 오감견문록
1306,TO SEE THE HOOLIGAN IN ME
1307,"여행을 통해 세상을 보고, 책을 통해 인생을 본다."
1308,SCLABERNIZATION 불펌자(및 저장) 법적 처벌(전례有)
1309,발로 포스팅하는 밍키네★
1310,친절한 나리씨
1311,나무성형외과
1312,피타랑
1313,루프레텔캄
1314,RETRO JEINA
1315,탑빌딩 부동산중개법인(주)
1316,블링블링♪
1317,야생화의 일기
1318,꽃이야
1319,Chloe's Sweet Blog
1320,How was your day ?
1321,Alice Note
1322,a whimsical story
1323,de tout mon coeur♡
1324,창업원 스마트 창업 연구소
1325,책과 음식과 영화이야기
1326,수퍼바이러스
1327,시간을 사진하다
1328,일일다식
1329,단비랑의 세상의 모든 맛집
1330,종아의 포토 스토리
1331,우리의 반짝이는 하늘
1332,콩콩이의 블로그
1333,도도포리의 타로 노트
1334,루나틱프린지
1335,감사하는 마음으로
1336,둥지
1337,V.O.L.U.M.E
1338,Rumy+Ami
1339,전통찻집 문향
1340,..
1341,창업원 스마트 창업 연구소
1342,고기고기고기빵
1343,재재블로그
1344,신씨's 쌀롱
1345,SHINE LAND
1346,보라왕국의 선물
1347,파르키와 사서짱의 육아공간
1348,a z a k
1349,이편한하우징
1350,"홍차에 빠지다, 인도에 빠지다"
1351,chocochip
1352,엄탱월드^.^
1353,현실의 움직이는 책갈피
1354,생각대로 Yoo
1355,몽상가
1356,유주부의 육아일기
1357,재주소녀
1358,Have Here
1359,"b y , j i h y e"
1360,우리의 산 이야기
1361,호야오페라컴퍼니
1362,"hookyman, Magnum Opus"
1363,by HENNY
1364,"않되,"
1365,about Caroline*
1366,::: 트위터 & 영상편집 & 사진 * @Edit_moon :::
1367,My favorite things
1368,소품집
1369,Jungle gym in Tokyo
1370,Defying Gravity
1371,순간의 합
1372,삼이의 신나는 일상
1373,eqbank61님의 블로그
1374,다니고 소비하고 배우자 ♥
1375,신씨's 쌀롱
1376,야생화의 일기
1377,"Enviable, 일상을 예술로!"
1378,Aloha♥
1379,Move on
1380,아름샘의 발자욱
1381,차 마시는 남자 손병목
1382,머글왕의 대충하는 블로그
1383,김진석행정사의 자료실
1384,요즘 사는게 어때?
1385,마음과 마음사이
1386,Hello Love'
1387,소퓌의 시선
1388,노을빛 함께 손잡고
1389,카슈's BLOG
1390,지은은한 공간 :-)
1391,유유자적
1392,"다시, 사랑을 꿈꾸다"
1393,CAFE M&O
1394,Beer2DAY
1395,ASIAN BEAUTY CREATOR
1396,만두먹는 보노보노의 즐거운놀이
1397,(♡˙︶˙♡)
1398,말랑말랑 별나라 사탕
1399,다시 알아야할 병원마케팅과 병원브랜딩
1400,25시 TOP(탑) 모텔나라 010-3772-5943
1401,101% 초보 부모와 꼬맹이
1402,할배의 심심풀이 ☆★ Internet Surfing
1403,여름소나기
1404,플투의 찰칵거리는 세상
1405,오늘도 아름답다
1406,story of sugarcat
1407,extra + ordinary
1408,들여다보기
1409,All over the World
1410,내가 바로 망쿰이다.
1411,patchwalk
1412,떠나는 즐거움
1413,보라빛향기
1414,Today's  DDing
1415,Less Ordinary
1416,목재 옻칠 조리도구 생산
1417,지평선 끝까지 그냥 달려...
1418,러 블 리 다 락 방
1419,의료건강정보
1420,순간기억장치-
1421,언어의 몸집
1422,피코이 홍대상수
1423,Run! with cool breez
1424,오이환의 차칸차
1425,chocochip
1426,피터소녀
1427,but near missed things
1428,책과 음식과 영화이야기
1429,MyNameIs
1430,어떤 이웃의 망상중독
1431,Nu-Bear Story
1432,"홍차에 빠지다, 인도에 빠지다"
1433,[용™] 월척입니다 ⌒_⌒γ
1434,"""해강+재곰=해곰이"""
1435,비오맛 블로그
1436,어둡지만 밝은 방 : 김짬뽕 블로그
1437,창업천재샘형
1438,린시아의 블로그
1439,바비줌마의 여행 그리고 밥상
1440,여행작가 문은정 (여행+맛+리뷰)*감성디자인
1441,쥐네 CoCCoLa
1442,서울공인중개사사무소
1443,꾸마의 빼꼬빼꼬한 25시♩
1444,Under Many Flags
1445,Für sich allein
1446,지수칠보_Jisuchilbo
1447,休
1448,하리온의 20대 즐기기~♬
1449,살려면 돌아다녀야 한다 돌아다니는 것만이 살 길이다
1450,마음을 은유하는 법。
1451,This is all about...
1452,별이 지는 숲.........★
1453,행복우체통
1454,내 세상~
1455,열정과 편안함의 공존
1456,까망머리 헤라
1457,달달한조이의 달콤한 이야기
1458,코웨이 나라
1459,EP by J
1460,@YOMIYOBO
1461,2003lih의 블로그
1462,아로마포미 (마포구 성산동)
1463,"김영갑교수 상권분석, 외식마케팅, 프랜차이즈경영"
1464,행복한 잔디네
1465,Anywhere but Here
1466,해그렛 또는 헤일리
1467,KHK
1468,한국소녀의 겨울
1469,lovejebe님의 블로그
1470,흐름을 넘어서
1471,그러거나 말거나... whatever!
1472,노는게 남는거!
1473,긍정의 힘's 이야기
1474,마시마곰의 전원일기♪
1475,순간을 소중히
1476,봉숭아 학당
1477,우비모멘트
1478,Le goût
1479,김치군의 내 여행은 여전히 ~ing
1480,최대호
1481,우리음악과 문화
1482,주근깨 제조 놀이
1483,뒷골목의 먹이를 노리는 도시하이에나
1484,우리모두 행복하자구용~!!!!
1485,green의 놀멍쉬멍 제주이야기
1486,라미의 육아블로그 - Borami World♬
1487,콜.
1488,edi1234님의 블로그
1489,"""언제나 감사하며 살자"""
1490,"한국, 일본, 중국. 동북아시아 3국의 여행자"
1491,정화되는 세상:D
1492,똑똑한소비자
1493,100세 시대 모두에게 기회와 희망을 주는 평생교육
1494,차근차근 이루어가는 삶~♡
1495,마음의 정원
1496,"봄에서 여름, 이윽고 겨울"
1497,2016수원화성 방문의 해
1498,글로벌어학원 대표블로그
1499,루루
1500,그림자 놀이
1501,나의 식유기
1502,나의 너는 이토록 아름답고 감사하다.
1503,RESTAURANT & TRAVEL
1504,기적의 정셰프
1505,I'm a Pedestrian!
1506,꿀 오트밀의 방
1507,HouseKitchen
1508,모든 기록 연구소
1509,여유와 낭만이 있는 삶
1510,진서 진하 상건 은하네 집
1511,카슈's BLOG
1512,푸른달빛 한조각
1513,노가다PT
1514,"한국, 일본, 중국. 동북아시아 3국의 여행자"
1515,역마살낀 환쟁이 사자
1516,늘봄
1517,say yes♥
1518,둘리의 포토 스토리
1519,뉴스채널S
1520,핑크핸즈공예
1521,Ashes of Time
1522,내마음의 풍금
1523,Hoya's Simple Life
1524,"youripin, 묵묵히 너의 길을 걸어라!"
1525,~ainokatamari~
1526,행복한 하루
1527,온천 세상(옛 한국 온천)
1528,잡다한 바스켓
1529,꾸준하게 갈 길 가는 블로그
1530,허니비의 세계
1531,@minjiwinge
1532,meet me in Mountak
1533,꿈꾸는 다락방의 맛있는 여행
1534,동그라미
1535,김상훈소장의 창업통 _창업시장리포트
1536,창의력 발달엔? 역시 놀랩!^^
1537,신씨's 쌀롱
1538,자작나무 숲
1539,The Saturdays:-)
1540,"""日本満喫‼""블러그"
1541,히뽀후드
1542,콘시의 세상 뽀개먹기
1543,미디장비 리뷰 및 음악 이론
1544,별을 안다
1545,야생화의 일기
1546,홍차왕자의 비밀지도
1547,-
1548,올리브 WORLD
1549,나 돌보기
1550,산마을 이야기
1551,00부엉이 의 뜨락
1552,탱이의 행복찾기♡
1553,밍끼의 먹는 삶
1554,"캐나다, 맨 땅에 헤딩하기"
1555,그냥그냥
1556,라벨라 따봉21
1557,이글루스
1558,망고의 먹방스토리
1559,00부엉이 의 뜨락
1560,자취세끼
1561,書冊券藏
1562,해찬사랑
1563,beSUCCESS - Korea's Leading Tech and Startup Media Platform
1564,L'heure du thé
1565,살짝 미친듯이 ♪
1566,지금은 초희의 시간이야
1567,초록하늘을 꿈꾸다
1568,곰주인네 말랑 말랑 스위트홈
1569,슬기로움 [Seulgi]
1570,이탈리아에서의 삶과 여행
1571,.
1572,ESCAPE
1573,비어캣의 손으로 마시는 세상
1574,Observation Astronomique
1575,"너구리빵빵의 空間, 共間.."
1576,songs about Song
1577,회색도시의 TV...그리고 여행
1578,"병아리 다락방, 그녀의 시간"
1579,유다의 하루
1580,"나, 망상, 사진, 하루, 공간"
1581,쌍둥이 가족 !!
1582,우잉이의 포리~^^
1583,☆★ Alice In Wonderland ★☆
1584,골프야 놀자
1585,나만의 산경도
1586,Everything`s going to be all right
1587,이쌤과 함께하는 즐거운 취업 입시 코칭
1588,나홀로 맛집 멋집 기행
1589,적당히 친절한 블로그
1590,Better 2gether
1591,Romantic Espresso
1592,유월의 숲..포레 이야기
1593,나는 푸른 하늘을 기억하고 있다
1594,puresnow_
1595,건강의모든것
1596,envy
1597,_._._.Lime木_.。
1598,혼자서 잘노는 여자
1599,열정
1600,해맑은아찌수다방
1601,늘 한결같이~~
1602,sara's space
1603,생활의 가치 + 즐거움
1604,"서른 살의 철학자, 여자"
1605,♡카페토랑♡
1606,[樂콘서트 Best of The Best] 공식블로그
1607,냠냠이
1608,memoriz is....
1609,나그네 길은 쓰리고 외롭다
1610,ღᴹᴱᴿᴼᴺᴬ ᵂᴼᴿᴸᴰღ
1611,日常
1612,유니마망
1613,시시콜콜한 일상
1614,전망좋은 방~
1615,들여다보기
1616,라온의 나무
1617,"멜번에 살고 있는 헬렌, ""타임스터디 조기유학 실장"""
1618,새콤 달콤한 세상속으로~
1619,Everything is about Jenny
1620,Yachiyo life
1621,KR한국철도시설공단
1622,쩡이 블로그
1623,사진과 여행
1624,한진관광과 떠나는 세계여행
1625,보 관 함
1626,들녘바람
1627,허구와 팩션
1628,자신만만 은경냥:)님의 블로그
1629,주아세상
1630,냠~*이의 음식이야기♡
1631,음냐의 멋진세상
1632,POBO님의블로그
1633,http://blog.naver.com/grancoreana 로 오세요.
1634,오늘도 싸리언니
1635,들여다보기
1636,재스민 블로그
1637,네 시작은  미약하나 그끝은 창대하리라!!
1638,What's Next?
1639,♡ : 혱복한 청춘일지
1640,書冊券藏
1641,동네탐정멜리의 탐정놀이
1642,a traveler
1643,늘푸른 언덕
1644,노트 31
1645,지영이의 블로그지영♡
1646,한국에 미치다
1647,Love was made for me and you...
1648,푸른 사막. 자기만의 방
1649,한글사랑
1650,메론과 바나나
1651,NEWAVE
1652,천천히 걸으면서 느낀 아름다운 나의 흔적
1653,사진 찍는 회계사 YK의 Pic Story
1654,Mimesis Craft Design
1655,데일리 제이 (daily j)
1656,온라인 커피 편집샵 | 블랙워터포트
1657,Sol park님의블로그
1658,2층 새댁의 수상한 취미 생활
1659,I'm Everywhere
1660,a delicate balance
1661,Mind Control
1662,^^
1663,씨앗 틔우기
1664,좋은 생각!
1665,푸른해의 ← 일방통행
1666,"Hola, Helena 올라엘레나"
1667,"N칼럼니스트 손세근의 ""Design & enjoy your life!"""
1668,childhoodish
1669,날으는새
1670,그림과 함께 마음이 따뜻해지는 공간_아트슈에뜨
1671,옆집한의사 은원장의 블로그
1672,reminiscence
1673,요리하는 여자 킴치 in 홍콩
1674,yoon
1675,"한국, 일본, 중국. 동북아시아 3국의 여행자"
1676,신나는금융나라^^
1677,라랄라♬
1678,19bluestudio
1679,thinking in the box
1680,지난 나의 이야기
1681,한국에 미치다
1682,Lovos dixit
1683,엄마와산책 블로그
1684,작은 나눔 큰 행복
1685,sleep a lot eat a lot
1686,T H E · I M P R E S S I O N · I S S U E
1687,"오롯이 여행, 은밀한 味행"
1688,바람의 노래를 들어라
1689,시간의 푸른 그늘
1690,보르조이 [SUNNY 와 SHINE]
1691,자연형의 뜰
1692,The most recent will
1693,김유주 홈페이지 헬로유주닷컴 helloyuju.com
1694,♡카페토랑♡
1695,Happy Theater
1696,하루님안녕
1697,교육부 공식 블로그
1698,DATA FILEE STYLE
1699,[Riss의 세계] 몽상...그 끝없는 즐거움
1700,민모군의 요리 먹고 조리 먹고
1701,맛있는 이야기 '한스푼'
1702,", anecdote"
1703,書冊券藏
1704,:: Live Let Die ::
1705,sncap Style
1706,どうして二人は出逢った？
1707,멍도리의 석사라이프
1708,Chloe's Easy Breezy Life
1709,주현재(酒峴齋) CHALET DE LA COLLINE DU VIN
1710,자유로운 바람처럼
1711,♩
1712,"Living in Portland, OR"
1713,♥ Art of Life ♡
1714,연두와 땅따먹기
1715,맛볼 taste.kr 비평 중심의 문화적 기호 · 맛 · 향기 리뷰
1716,둥채의 연지곤지이야기 ~*
1717,"나의 하루, 사랑해"
1718,나디아의 멜로디
1719,잘 모르는 블로그
1720,DSNer moonC!!!
1721,메종드눌눌
1722,:: 제2외국어 전문 르몽드어학원 공식블로그 ::
1723,여행 & 쉼표
1724,귀차니즘중독자
1725,jennysdreams
1726,디지털프린팅솔루션[www.printerrental.net]
1727,계절에 민감한 추녀랍니당!~
1728,위례신안탑공인중개사사무소
1729,면지니의 행복한일상
1730,JF rule the world
1731,My name is 귀염이
1732,▶가자연세병원
1733,♠혼자가 아닌 나♠
1734,그래서그런
1735,PWAGGER[피웨거]
1736,★꿈꾸던하우스★ 010-8922-6784
1737,wild liz's story
1738,부자 나라행 열차를 타다
1739,체리하나의 꿈꾸는 하루
1740,호유주택 1522-8062
1741,pinkcat's blog
1742,나비도 꽃이었다. 꽃을 떠나기 전에는
1743,새로운 세상 속으로
1744,설렘
1745,마성의 앙마 블로그
1746,Back to the '80's Pop !!!
1747,새로운 세상 속으로
1748,SoulSky의 캐나다 생활일기
1749,書冊券藏
1750,GRISE _HIGH JEWELRY
1751,오늘도 괜찮았습니다.
1752,싸이리의 두둥!
1753,Channy's Blog
1754,http://jump3.tistory.com/
1755,함께 알아가는 다문화이야기
1756,한국에 미치다
1757,진지한 너구리의 소굴
1758,Bona Home
1759,이제서야 이재서
1760,다이어리
1761,터치페이스UP☆강남메이크업샵[스타일링&강좌&출장]
1762,굴탱쓰♥
1763,김문수 힐링포스트
1764,소리사랑
1765,Für sich allein
1766,곰토의 Foodiessay
1767,"그대의 그대, 나의 세계"
1768,김비비의 think log
1769,손기자의 메모창고♡
1770,강이의 즐겨찾기
1771,L'Etranger
1772,It's simple!
1773,도야의 다락방
1774,green의 놀멍쉬멍 제주이야기
1775,에필이의 공간
1776,넝쿨댁의 블로그
1777,포토다이어리
1778,그냥기록
1779,청연아 날아
1780,we are young
1781,imaginy
1782,달소래의 이야기.
1783,아트라인성형외과
1784,더불어숲
1785,◈ 석류 속에 숨은 보석 찾기 ◈
1786,별 일 없이 잘 사는 공미블로그
1787,꼼이의 행복 도시락
1788,ㄷㅣㅆㅣ's Amusement
1789,느리게살기
1790,fatec
1791,손기자의 메모창고♡
1792,키프냥의 일기장
1793,The DREAMERS
1794,새로운 세상 속으로
1795,아나운서 서현진의 블로그 :)
1796,"순간을기록하다, 우주누나"
1797,혼자 놀기♡
1798,사진은 권력이다
1799,끄적끄적-
1800,Better late than Never
1801,"세우실의 아침을 여는 글, ""아침반 여러분 안녕하세요?"""
1802,Un menteur
1803,삼백육십오일
1804,브라보 마이 라이프!
1805,Raeng+2 life
1806,Go-ding
1807,지엘유티+ ::: Freedom
1808,"맛집을 좋아하는IT전문가,포토샵능력나눔"
1809,상상주택건설
1810,弘人(홍인)~☆ (02-6081-8285)
1811,한별이
1812,벤자민네 집
1813,DATA FILEE STYLE
1814,겨울아이의 책장
1815,스마일미소 아자아자 화이팅
1816,새로운 세상 속으로
1817,"수땡','"
1818,메뉴 정해주는 남자
1819,SS
1820,KUZILIUS's 주막
1821,":달도없는 깜깜한 밤에 빛나는 별처럼, 유주"
1822,목수와 나
1823,임아내
1824,rani's ORCHID ROOM
1825,때이의 Eat Pray Love
1826,매일매일 홍익냥냥
1827,친절한^^ 금 실장
1828,임사탕마켓
1829,20's MEMORY PACKAGE
1830,작은 미소의 힘
1831,글쓰는 승무원 Sophia's Diary
1832,세월
1833,詩를 좋아하는 醫師
1834,반짝반짝 빛나는 꼬지몽
1835,걷기여행99선
1836,국가보훈처
1837,뿡어와 꼬맹이 - 우리 사는 이야기.
1838,서울대학교 공유도시랩
1839,B.R.A.V.O M.Y L.I.F.E ♥
1840,☆주말에맑음☆
1841,로디블로그
1842,▒ 유학피플 ▒
1843,작은 미소의 힘
1844,플로리스트 지은 ♥ 꽃..그리고 일상 블로그
1845,Nowhere...
1846,상담심리학과
1847,채디디님의트래블로그_여행블로거 뷰티 패션 맛집
1848,시솔길을 함께 걸어보실까요?
1849,Frenchsoul
1850,클레이소녀
1851,[ZIC9DA]물건너 온 선물박스[GIFTBOX]
1852,"빛나는 순간, 오늘을 기록하기♥"
1853,제니엘! 최고의 성공지원 파트너!
1854,소소한 일상
1855,두벌
1856,J 씨의 미얀마 표류기
1857,듀오 愛(애)피소드
1858,초야로그
1859,"30대회사원의, 마이라이프로깅"
1860,시간이 없음을 탓하지 말고 열정이 없음을 탓하라
1861,[노리스엣놀이터]
1862,친한친구처럼
1863,지지언니
1864,초록 꿈
1865,..뒤를 돌아보다...
1866,세상이 나를 가만 내버려두지 않는다
1867,Coram Deo
1868,기억보관소
1869,맛집 데이터 분석
1870,날씨도좋고 기분도좋고~♡ 모두모두 웃어보아요^▽^
1871,마망엘리펀트 지우너
1872,나영철의 도곡동 황금사과한의원
1873,지겨운 밥벌이
1874,"한식,양식,일식,중식, 퓨전 요리강사 요리코치 써니"
1875,여행을 떠나다 !!!
1876,ㄷㅣㅆㅣ's Amusement
1877,zzzxc3399님의블로그
1878,야생화의 일기
1879,비건 채식으로 평화를 이룹시다
1880,DRFM.kr
1881,美영美영
1882,여행의 기술
1883,"세우실의 아침을 여는 글, ""아침반 여러분 안녕하세요?"""
1884,비건 채식으로 평화를 이룹시다
1885,변하지 않는 것들
1886,김영규21님의 집.
1887,"One Life, Infinite Days"
1888,우리율이의 다이어리
1889,하얀말의 블로그
1890,맑음
1891,상록수
1892,= 레티시아_MOM으로 살아가다 =
1893,박문각종로고시학원 공식 블로그
1894,해도(解道)
1895,JF rule the world
1896,빛에빠진그림자柳
1897,기획/경영/PT/템플릿/찍사/30D/그리고 Me
1898,Enjoy your life
1899,거리의 악사
1900,비건 채식으로 평화를 이룹시다
1901,분홍연꽃의 블로그
1902,놀고먹기대학(인생여행코치)
1903,"ARCHIVE 아카이브, 기록보관소"
1904,로와의 일상갈무리 :)
1905,러블리한 영이 블로그 '3'
1906,함께하는 플래너 김민정입니다
1907,빈스빈스 김해 율하점
1908,저녁노을
1909,행복을 찾아서
1910,HYUNHA :)
1911,이 곳
1912,레몬가게
1913,날다
1914,seohwa4u님의블로그
1915,세상의 주인공은 나
1916,일산 게스트하우스 봄봄 (HP 010-2765-3838)
1917,Amore Mio.
1918,"Colku콜쿠 차량용 냉장고, 캠핑용 냉장고 ,미니냉장고"
1919,석양을 바라보며...
1920,Story Of World
1921,T.I FOR MEN
1922,쿨드링커 대학생 홍보대사
1923,.
1924,"세우실의 아침을 여는 글, ""아침반 여러분 안녕하세요?"""
1925,"누구개의 블로그, 인물사진은 싸이로"
1926,난 나만의 인생을 살 뿐♬
1927,BOBOS
1928,트래블한
1929,veryhappy
1930,운각방
1931,아름다운氣세상만들기
1932,섬 위에서...
1933,jubu486(애기단풍)
1934,보스턴 이디엇
1935,새아침의노래
1936,SKT T프렌즈
1937,팝사인
1938,좋은 책의 발견 BOOKSCOVERY (CBC미디어)
1939,♥ccarong♥
1940,봄 여름 가을 겨울
1941,크림빵의 블로그
1942,Life Goes On
1943,*_*
1944,Better late than Never
1945,assamdress
1946,패션의 전원을 켜다.
1947,늘 감사하는 마음으로..
1948,페미니스트 저널 일다 블로그
1949,"남들보다 몇 발 뒤쳐지면, 더 큰 걸음으로 가면 되."
1950,OK 기프트데이
1951,해피냥's 행복찾기
1952,결혼정보회사 옹달샘
1953,도도제이의 뷰티패션 홀릭
1954,트래블한
1955,컬쳐를 PLAY하라!
1956,분홍연꽃의 블로그
1957,도로사랑의 맛있는 사진여행^^
1958,sangmin0418님의 블로그
1959,the way to be pain
1960,점핑보드
1961,소유보다 소중 한 경험
1962,호텔다모아~
1963,Alice's baking studio - 잠실 홈베이킹 스튜디오
1964,루이넬의 맛수다
1965,레이의 무한도전
1966,"러블리지철, 달콤하루"
1967,창업원 스마트 창업 연구소
1968,사는모습
1969,반짝반짝 빛나는_
1970,맛볼 taste.kr 비평 중심의 문화적 기호 · 맛 · 향기 리뷰
1971,해도(解道)
1972,그리워 찾아들면 ...
1973,mindless
1974,나를가꾸는나이♡
1975,행복한 티타임 Happy Tea Time
1976,C'est la Vie
1977,꿈을찾는중
1978,우연에서 인연으로
1979,월드엔지니어링
1980,Be my person.
1981,김병건의 사랑방(김삿갓 사랑방)
1982,사랑양의 맛있는 일상이야기
1983,살아가는 흔적들...
1984,행복한 티타임 Happy Tea Time
1985,meeQ
1986,신남 ㅋㅋㅎ
1987,프란시스 베이컨
1988,"세우실의 아침을 여는 글, ""아침반 여러분 안녕하세요?"""
1989,하루하루 변화의 시작
1990,더존논슬립 공식블로그 '안전은 선택이 아닌 필수!'
1991,Haru.K In The Bar
1992,시간을 사진하다
1993,행복한 나라*^^*
1994,쉽고 편한 전세계 호텔 예약 세이브온호텔과 함께~!
1995,수다공작소
1996,명신유학원
1997,룰루랄라 씐나는 인생
1998,visitkorea's Vingle
1999,다•즐•링•모먼트
